split,pdbid,affinity,ligand,smiles,warning,has_smiles,has_global_file,has_pocket_file
csar_hiq_overlap_controlled,1q0y,9.0,MOI,C[N@H+]1CC[C@]23C4=C5C=CC(O)=C4O[C@H]2[C@@H](O)C=C[C@H]3[C@H]1C5,,True,True,True
csar_hiq_overlap_controlled,1q6e,2.62,GLC-GLC,OC[C@H]1OC[C@H](O)[C@@H](O)[C@@H]1O.OC[C@H]1O[C@H](O[C@H]2[C@H](O)[C@@H](O)[C@@H](O)O[C@@H]2CO)[C@H](O)[C@@H](O)[C@@H]1O,,True,True,True
csar_hiq_overlap_controlled,1q6g,2.06,GLC-GLC,OC[C@H]1OC[C@H](O)[C@@H](O)[C@@H]1O.OC[C@H]1O[C@H](O[C@H]2[C@H](O)[C@@H](O)[C@@H](O)O[C@@H]2CO)[C@H](O)[C@@H](O)[C@@H]1O,,True,True,True
csar_hiq_overlap_controlled,1s7y,5.85,GLU,[NH3+][C@@H](CCC(=O)[O-])C(=O)N[C@H](C=O)CCC(=O)[O-].[NH3+][C@@H](CCC(=O)[O-])C(=O)N[C@H](C=O)CCC(=O)[O-].[NH3+][C@@H](CCC(=O)[O-])C(=O)N[C@H](C=O)CCC(=O)[O-].[NH3+][C@@H](CCC(=O)[O-])C(=O)N[C@H](C=O)CCC(=O)[O-].[NH3+][C@@H](CCC(=O)[O-])C(=O)N[C@H](C=O)CCC(=O)[O-].[NH3+][C@@H](CCC(=O)[O-])C(=O)N[C@H](C=O)CCC(=O)[O-].[NH3+][C@@H](CCC(=O)[O-])C(=O)[O-].[NH3+][C@@H](CCC(=O)[O-])C(=O)[O-].[NH3+][C@H](C=O)CCC(=O)[O-].[NH3+][C@H](C=O)CCC(=O)[O-].[NH3+][C@H](C=O)CCC(=O)[O-].[NH3+][C@H](C=O)CCC(=O)[O-].[NH3+][C@H](C=O)CCC(=O)[O-].[NH3+][C@H](C=O)CCC(=O)[O-].[NH3+][C@H](C=O)CCC(=O)[O-].[NH3+][C@H](C=O)CCC(=O)[O-].[NH3+][C@H](C=O)CCC(=O)[O-].[NH3+][C@H](C=O)CCC(=O)[O-].[NH3+][C@H](C=O)CCC(=O)[O-].[NH3+][C@H](C=O)CCC(=O)[O-].[NH3+][C@H](C=O)CCC(=O)[O-].[NH3+][C@H](C=O)CCC(=O)[O-].[NH3+][C@H](C=O)CCC(=O)[O-].[NH3+][C@H](C=O)CCC(=O)[O-].[NH3+][C@H](C=O)CCC(=O)[O-].[NH3+][C@H](C=O)CCC(=O)[O-].[NH3+][C@H](C=O)CCC(=O)[O-].[NH3+][C@H](C=O)CCC(=O)[O-].[NH3+][C@H](C=O)CCC(=O)[O-].[NH3+][C@H](C=O)CCC(=O)[O-],,True,True,True
csar_hiq_overlap_controlled,1txf,7.24,GLU,[NH3+][C@@H](CCC(=O)[O-])C(=O)N[C@H](C=O)CCC(=O)[O-].[NH3+][C@@H](CCC(=O)[O-])C(=O)N[C@H](C=O)CCC(=O)[O-].[NH3+][C@@H](CCC(=O)[O-])C(=O)[O-].[NH3+][C@H](C=O)CCC(=O)[O-].[NH3+][C@H](C=O)CCC(=O)[O-].[NH3+][C@H](C=O)CCC(=O)[O-].[NH3+][C@H](C=O)CCC(=O)[O-].[NH3+][C@H](C=O)CCC(=O)[O-].[NH3+][C@H](C=O)CCC(=O)[O-].[NH3+][C@H](C=O)CCC(=O)[O-].[NH3+][C@H](C=O)CCC(=O)[O-].[NH3+][C@H](C=O)CCC(=O)[O-].[NH3+][C@H](C=O)CCC(=O)[O-].[NH3+][C@H](C=O)CCC(=O)[O-],,True,True,True
csar_hiq_overlap_controlled,1ukb,3.19,BEZ,O=C([O-])C1=CC=CC=C1.O=C([O-])C1=CC=CC=C1.O=C([O-])C1=CC=CC=C1,,True,True,True
csar_hiq_overlap_controlled,1uld,5.35,NAG-GAL-FUC,CC(=O)N[C@@H]1[C@@H](O)[C@H](O)[C@@H](CO)O[C@H]1O.CC(=O)N[C@@H]1[C@@H](O)[C@H](O)[C@@H](CO)O[C@H]1O.CC(=O)N[C@@H]1[C@@H](O)[C@H](O)[C@@H](CO)O[C@H]1O.CC(=O)N[C@@H]1[C@@H](O)[C@H](O)[C@@H](CO)O[C@H]1O,,True,True,True
csar_hiq_overlap_controlled,1uzv,5.18,FUC,C[C@@H]1O[C@@H](O)[C@@H](O)[C@H](O)[C@@H]1O.C[C@@H]1O[C@@H](O)[C@@H](O)[C@H](O)[C@@H]1O.C[C@@H]1O[C@@H](O)[C@@H](O)[C@H](O)[C@@H]1O.C[C@@H]1O[C@@H](O)[C@@H](O)[C@H](O)[C@@H]1O,,True,True,True
csar_hiq_overlap_controlled,1w6o,3.34,LAT,,No ligand file found,False,False,False
csar_hiq_overlap_controlled,1xl5,7.35,190,CC1=CC=CC(C)=C1OCC(=O)N[C@@H](CC1=CC=CC(Br)=C1)[C@H](O)C[C@H](CC(C)C)S(=O)(=O)C1=CC=C(F)C=C1,,True,True,True
csar_hiq_overlap_controlled,1xw6,5.62,GSH,[NH3+][C@@H](CCC(=O)N[C@@H](CS)C(=O)NCC(=O)[O-])C(=O)[O-].[NH3+][C@@H](CCC(=O)N[C@@H](CS)C(=O)NCC(=O)[O-])C(=O)[O-].[NH3+][C@@H](CCC(=O)N[C@@H](CS)C(=O)NCC(=O)[O-])C(=O)[O-].[NH3+][C@@H](CCC(=O)N[C@@H](CS)C(=O)NCC(=O)[O-])C(=O)[O-],,True,True,True
csar_hiq_overlap_controlled,1y93,2.1,HAE,CC(=O)NO,,True,True,True
csar_hiq_overlap_controlled,1zhx,7.26,HC3,C[C@H](CCCC(C)(C)O)[C@H]1CC[C@H]2[C@@H]3CC=C4C[C@@H](O)CC[C@]4(C)[C@H]3CC[C@]12C,,True,True,True
csar_hiq_overlap_controlled,2add,2.46,SUC,,No ligand file found,False,False,False
csar_hiq_overlap_controlled,2arb,4.41,NAG-MAN,CC(=O)N[C@H]1CO[C@H](CO)[C@@H](O)[C@@H]1O.CC(=O)N[C@H]1CO[C@H](CO)[C@@H](O)[C@@H]1O,,True,True,True
csar_hiq_overlap_controlled,2are,3.28,MAN,OC[C@H]1OC(O)(O)[C@@H](O)[C@@H](O)[C@@H]1O.OC[C@H]1O[C@H](O)[C@@H](O)[C@@H](O)[C@@H]1O,,True,True,True
csar_hiq_overlap_controlled,2b3f,6.03,GAL,OC[C@H]1O[C@@H](O)[C@H](O)[C@@H](O)[C@H]1O.OC[C@H]1O[C@@H](O)[C@H](O)[C@@H](O)[C@H]1O.OC[C@H]1O[C@@H](O)[C@H](O)[C@@H](O)[C@H]1O.OC[C@H]1O[C@@H](O)[C@H](O)[C@@H](O)[C@H]1O.OC[C@H]1O[C@@H](O)[C@H](O)[C@@H](O)[C@H]1O.OC[C@H]1O[C@@H](O)[C@H](O)[C@@H](O)[C@H]1O,,True,True,True
csar_hiq_overlap_controlled,2bbf,5.1,344,[H]C1=C2C(=N=C(N([H])[H])=N=C2=O)C([H])([H])C2=NC([H])([H])N=C21,"SDF Sanitize Error: Explicit valence for atom # 6 N, 4, is greater than permitted",True,True,True
csar_hiq_overlap_controlled,2cjp,3.1,VPR,CCCC(CCC)C(N)=O,,True,True,True
csar_hiq_overlap_controlled,2dm5,2.99,ODI,OCCCCCCCCO,,True,True,True
csar_hiq_overlap_controlled,2idz,9.4,ZID,[H]O[C@@]([H])(C1=C([H])C([H])=NC([H])=C1[H])C1=C(C(=O)N([H])[H])C([H])([H])N([C@]2([H])O[C@]([H])(C([H])([H])O[P@@](=O)([O-])O[P@@](=O)([O-])OC([H])([H])[C@@]3([H])O[C@@]([H])(N4C([H])([H])N=C5[C@@+]([H])(N([H])[H])=NC([H])([H])N=[C@@+]54[H])[C@]([H])(O[H])[C@]3([H])O[H])[C@@]([H])(O[H])[C@@]2([H])O[H])C([H])=C1[H],"SDF Sanitize Error: Explicit valence for atom # 16 C, 5, is greater than permitted",True,True,True
csar_hiq_overlap_controlled,2ihk,4.16,CSF,[H]OC([H])([H])[C@@]([H])(O[H])[C@@]([H])(O[H])[C@]1([H])O[C@](O[P@@](=O)([O-])OC([H])([H])[C@@]2([H])O[C@@]([H])(N3C([H])=C([H])C(N([H])[H])=N=C3=O)[C@]([H])(O[H])[C@]2([H])O[H])(C(=O)[O-])[C@@]([H])(F)[C@]([H])(O[H])[C@@]1([H])N([H])C(=O)C([H])([H])[H],"SDF Sanitize Error: Explicit valence for atom # 20 C, 5, is greater than permitted",True,True,True
csar_hiq_overlap_controlled,2ilz,5.4,GTP,[H]O[C@@]1([H])[C@@]([H])(O[H])[C@]([H])(N2C3=N=C(N([H])[H])=N=C(=O)C3=NC2([H])[H])O[C@]1([H])C([H])([H])O[P@@](=O)([O-])O[P@](=O)([O-])OP(=O)([O-])[O-],"SDF Sanitize Error: Explicit valence for atom # 25 C, 5, is greater than permitted",True,True,True
csar_hiq_overlap_controlled,2jdy,4.37,MMA,CO[C@H]1O[C@H](CO)[C@@H](O)[C@H](O)[C@@H]1O.CO[C@H]1O[C@H](CO)[C@@H](O)[C@H](O)[C@@H]1O.CO[C@H]1O[C@H](CO)[C@@H](O)[C@H](O)[C@@H]1O.CO[C@H]1O[C@H](CO)[C@@H](O)[C@H](O)[C@@H]1O,,True,True,True
csar_hiq_overlap_controlled,2jff,3.62,LK2,CCCCOC1=CC=C2C=C(S(=O)(=O)N[C@H](CCC(=O)[O-])C(=O)[O-])C=CC2=C1,,True,True,True
csar_hiq_overlap_controlled,2jgb,5.61,MGT,[H]O[C@@]1([H])[C@@]([H])(O[H])[C@]([H])(N2C3=N=C(N([H])[H])=N=C(=O)C3([H])[N+]([H])(C([H])([H])[H])C2([H])[H])O[C@]1([H])C([H])([H])O[P@@](=O)([O-])O[P@@](=O)([O-])OP(=O)([O-])[O-],"SDF Sanitize Error: Explicit valence for atom # 26 C, 5, is greater than permitted",True,True,True
csar_hiq_overlap_controlled,2otz,3.63,1MR,CNC1=CC=CC=C1,,True,True,True
csar_hiq_overlap_controlled,2ou0,3.23,MR3,CN1C=CC=C1.CN1C=CC=C1,,True,True,True
csar_hiq_overlap_controlled,2p3t,11.3,993,CNC1=NC=CN1CC1=CSC(C(=O)NC2=C(OC)C=C(Cl)C=C2C(=O)NC2=CC=C(Cl)C=N2)=C1Cl,,True,True,True
csar_hiq_overlap_controlled,2pjo,0.05,NMU,CNC(N)=O,,True,True,True
csar_hiq_overlap_controlled,2pzv,3.87,IPH,OC1=CC=CC=C1.OC1=CC=CC=C1.OC1=CC=CC=C1.OC1=CC=CC=C1,,True,True,True
csar_hiq_overlap_controlled,2q3c,5.3,DFSI,,No ligand file found,False,False,False
csar_hiq_overlap_controlled,2q6m,6.29,P34,[H]C1=C([H])C([H])=C2C(=C1[H])C1=C([H])/C(=N/C(=O)C([H])([H])[N+]([H])(C([H])([H])[H])C([H])([H])[H])C([H])=C([H])C1=N=C2=O.[H]C1=C([H])C([H])=C2C(=C1[H])C1=C([H])/C(=N\C(=O)C([H])([H])[N+]([H])(C([H])([H])[H])C([H])([H])[H])C([H])=C([H])C1=N=C2=O,"SDF Sanitize Error: Explicit valence for atom # 16 C, 5, is greater than permitted",True,True,True
csar_hiq_overlap_controlled,2qeh,8.62,SRO,[NH3+]CCC1=CN=C2CC=C(O)C=C12,,True,True,True
csar_hiq_overlap_controlled,2qmj,4.21,ACR,,No ligand file found,False,False,False
csar_hiq_overlap_controlled,2qvu,6.44,FDP,O=P([O-])([O-])OC[C@H]1O[C@@](CO)(OP(=O)([O-])[O-])[C@@H](O)[C@@H]1O.O=P([O-])([O-])OC[C@H]1O[C@@](CO)(OP(=O)([O-])[O-])[C@@H](O)[C@@H]1O,,True,True,True
csar_hiq_overlap_controlled,2r3d,-0.15,ACM,CC(N)=O,,True,True,True
csar_hiq_overlap_controlled,2rca,7.79,GLY,[NH3+]CC(=O)[O-].[NH3+]CC(=O)[O-].[NH3+]CC=O.[NH3+]CC=O.[NH3+]CC=O.[NH3+]CC=O.[NH3+]CC=O.[NH3+]CC=O.[NH3+]CC=O.[NH3+]CC=O.[NH3+]CC=O.[NH3+]CC=O.[NH3+]CC=O.[NH3+]CC=O.[NH3+]CC=O.[NH3+]CC=O.[NH3+]CC=O.[NH3+]CC=O.[NH3+]CC=O.[NH3+]CC=O.[NH3+]CC=O.[NH3+]CC=O.[NH3+]CC=O.[NH3+]CC=O.[NH3+]CC=O.[NH3+]CC=O.[NH3+]CC=O.[NH3+]CC=O.[NH3+]CC=O.[NH3+]CC=O.[NH3+]CC=O.[NH3+]CC=O.[NH3+]CC=O.[NH3+]CC=O.[NH3+]CC=O.[NH3+]CC=O.[NH3+]CC=O.[NH3+]CC=O.[NH3+]CC=O.[NH3+]CC=O.[NH3+]CC=O.[NH3+]CC=O.[NH3+]CC=O.[NH3+]CC=O.[NH3+]CC=O.[NH3+]CC=O.[NH3+]CC=O.[NH3+]CC=O,,True,True,True
csar_hiq_overlap_controlled,2rde,7.01,C2E,[H]O[C@]1([H])[C@]2([H])O[P@@](=O)([O-])OC([H])([H])[C@@]3([H])O[C@@]([H])(N4C5=N=C(N([H])[H])=N=C(=O)C5=NC4([H])[H])[C@]([H])(O[H])[C@]3([H])O[P@@](=O)([O-])OC([H])([H])[C@@]2([H])O[C@@]1([H])N1C2=N=C(N([H])[H])=N=C(=O)C2=NC1([H])[H].[H]O[C@]1([H])[C@]2([H])O[P@@](=O)([O-])OC([H])([H])[C@@]3([H])O[C@@]([H])(N4C5=N=C(N([H])[H])=N=C(=O)C5=NC4([H])[H])[C@]([H])(O[H])[C@]3([H])O[P@](=O)([O-])OC([H])([H])[C@@]2([H])O[C@@]1([H])N1C2=N=C(N([H])[H])=N=C(=O)C2=NC1([H])[H],"SDF Sanitize Error: Explicit valence for atom # 16 C, 5, is greater than permitted",True,True,True
csar_hiq_overlap_controlled,2v7t,7.48,SAH,[H]O[C@@]1([H])[C@@]([H])(O[H])[C@]([H])(N2C([H])([H])N=C3[C@+]([H])(N([H])[H])=NC([H])([H])N=[C@+]32[H])O[C@]1([H])C([H])([H])SC([H])([H])C([H])([H])[C@@]([H])(C(=O)[O-])[N+]([H])([H])[H].[H]O[C@@]1([H])[C@@]([H])(O[H])[C@]([H])(N2C([H])([H])N=C3[C@+]2([H])=NC([H])([H])N=[C@@+]3([H])N([H])[H])O[C@]1([H])C([H])([H])SC([H])([H])C([H])([H])[C@@]([H])(C(=O)[O-])[N+]([H])([H])[H].[H]O[C@@]1([H])[C@@]([H])(O[H])[C@]([H])(N2C([H])([H])N=C3[C@@+]([H])(N([H])[H])=NC([H])([H])N=[C@+]32[H])O[C@]1([H])C([H])([H])SC([H])([H])C([H])([H])[C@@]([H])(C(=O)[O-])[N+]([H])([H])[H],"SDF Sanitize Error: Explicit valence for atom # 20 C, 5, is greater than permitted",True,True,True
csar_hiq_overlap_controlled,2v7u,5.9,SAM,[H]O[C@@]1([H])[C@@]([H])(O[H])[C@]([H])(N2C([H])([H])N=C3[C@+]([H])(N([H])[H])=NC([H])([H])N=[C@+]32[H])O[C@]1([H])C([H])([H])[S@@]([H])(C([H])([H])[H])C([H])([H])C([H])([H])[C@@]([H])(C(=O)[O-])[N+]([H])([H])[H].[H]O[C@@]1([H])[C@@]([H])(O[H])[C@]([H])(N2C([H])([H])N=C3[C@+]2([H])=NC([H])([H])N=[C@@+]3([H])N([H])[H])O[C@]1([H])C([H])([H])[S@@]([H])(C([H])([H])[H])C([H])([H])C([H])([H])[C@@]([H])(C(=O)[O-])[N+]([H])([H])[H].[H]O[C@@]1([H])[C@@]([H])(O[H])[C@]([H])(N2C([H])([H])N=C3[C@+]2([H])=NC([H])([H])N=[C@@+]3([H])N([H])[H])O[C@]1([H])C([H])([H])[S@@]([H])(C([H])([H])[H])C([H])([H])C([H])([H])[C@@]([H])(C(=O)[O-])[N+]([H])([H])[H],"SDF Sanitize Error: Explicit valence for atom # 21 C, 5, is greater than permitted",True,True,True
csar_hiq_overlap_controlled,2v7v,6.66,5FD,[H]O[C@@]1([H])[C@@]([H])(O[H])[C@]([H])(N2C([H])([H])N=C3[C@+]([H])(N([H])[H])=NC([H])([H])N=[C@+]32[H])O[C@]1([H])C([H])([H])F.[H]O[C@@]1([H])[C@@]([H])(O[H])[C@]([H])(N2C([H])([H])N=C3[C@+]([H])(N([H])[H])=NC([H])([H])N=[C@+]32[H])O[C@]1([H])C([H])([H])F.[H]O[C@@]1([H])[C@@]([H])(O[H])[C@]([H])(N2C([H])([H])N=C3[C@@+]([H])(N([H])[H])=NC([H])([H])N=[C@@+]32[H])O[C@]1([H])C([H])([H])F,"SDF Sanitize Error: Explicit valence for atom # 13 C, 5, is greater than permitted",True,True,True
csar_hiq_overlap_controlled,2v8q,4.61,AMP,[H]O[C@@]1([H])[C@@]([H])(O[H])[C@]([H])(N2C([H])([H])N=C3[C@+]([H])(N([H])[H])=NC([H])([H])N=[C@+]32[H])O[C@]1([H])C([H])([H])OP(=O)([O-])[O-].[H]O[C@@]1([H])[C@@]([H])(O[H])[C@]([H])(N2C([H])([H])N=C3[C@+]2([H])=NC([H])([H])N=[C@@+]3([H])N([H])[H])O[C@]1([H])C([H])([H])OP(=O)([O-])[O-].[H]O[C@@]1([H])[C@@]([H])(O[H])[C@]([H])(N2C([H])([H])N=C3[C@@+]([H])(N([H])[H])=NC([H])([H])N=[C@+]32[H])O[C@]1([H])C([H])([H])OP(=O)([O-])[O-],"SDF Sanitize Error: Explicit valence for atom # 17 C, 5, is greater than permitted",True,True,True
csar_hiq_overlap_controlled,2v8y,5.71,MGV,[H]O[C@@]1([H])[C@@]([H])(O[H])[C@]([H])(N2C3=N=C(N([H])[H])=N=C(=O)C3([H])[N@@+]([H])(C([H])([H])C3=C([H])C([H])=C(F)C([H])=C3[H])C2([H])[H])O[C@]1([H])C([H])([H])OP(=O)([O-])[O-].[H]O[C@@]1([H])[C@@]([H])(O[H])[C@]([H])(N2C3=N=C(N([H])[H])=N=C(=O)[C@]3([H])[N@@+]([H])(C([H])([H])C3=C([H])C([H])=C(F)C([H])=C3[H])C2([H])[H])O[C@]1([H])C([H])([H])OP(=O)([O-])[O-],"SDF Sanitize Error: Explicit valence for atom # 11 C, 5, is greater than permitted",True,True,True
csar_hiq_overlap_controlled,2vhw,5.09,NAI,[H]O[C@@]1([H])[C@@]([H])(O[H])[C@]([H])(N2C([H])=C([H])C([H])=C(C(=O)N([H])[H])C2([H])[H])O[C@]1([H])C([H])([H])O[P@@](=O)([O-])O[P@@](=O)([O-])OC([H])([H])[C@@]1([H])O[C@@]([H])(N2C([H])([H])N=C3[C@+]([H])(N([H])[H])=NC([H])([H])N=[C@+]32[H])[C@]([H])(O[H])[C@]1([H])O[H].[H]O[C@@]1([H])[C@@]([H])(O[H])[C@]([H])(N2C([H])=C([H])C([H])=C(C(=O)N([H])[H])C2([H])[H])O[C@]1([H])C([H])([H])O[P@@](=O)([O-])O[P@](=O)([O-])OC([H])([H])[C@@]1([H])O[C@@]([H])(N2C([H])([H])N=C3[C@+]([H])(N([H])[H])=NC([H])([H])N=[C@+]32[H])[C@]([H])(O[H])[C@]1([H])O[H].[H]O[C@@]1([H])[C@@]([H])(O[H])[C@]([H])(N2C([H])=C([H])C([H])=C(C(=O)N([H])[H])C2([H])[H])O[C@]1([H])C([H])([H])O[P@@](=O)([O-])O[P@](=O)([O-])OC([H])([H])[C@@]1([H])O[C@@]([H])(N2C([H])([H])N=C3[C@@+]([H])(N([H])[H])=NC([H])([H])N=[C@@+]32[H])[C@]([H])(O[H])[C@]1([H])O[H].[H]O[C@@]1([H])[C@@]([H])(O[H])[C@]([H])(N2C([H])=C([H])C([H])=C(C(=O)N([H])[H])C2([H])[H])O[C@]1([H])C([H])([H])O[P@](=O)([O-])O[P@@](=O)([O-])OC([H])([H])[C@@]1([H])O[C@@]([H])(N2C([H])([H])N=C3[C@+]2([H])=NC([H])([H])N=[C@@+]3([H])N([H])[H])[C@]([H])(O[H])[C@]1([H])O[H].[H]O[C@@]1([H])[C@@]([H])(O[H])[C@]([H])(N2C([H])=C([H])C([H])=C(C(=O)N([H])[H])C2([H])[H])O[C@]1([H])C([H])([H])O[P@](=O)([O-])O[P@@](=O)([O-])OC([H])([H])[C@@]1([H])O[C@@]([H])(N2C([H])([H])N=C3[C@@+]([H])(N([H])[H])=NC([H])([H])N=[C@@+]32[H])[C@]([H])(O[H])[C@]1([H])O[H].[H]O[C@@]1([H])[C@@]([H])(O[H])[C@]([H])(N2C([H])=C([H])C([H])=C(C(=O)N([H])[H])C2([H])[H])O[C@]1([H])C([H])([H])O[P@](=O)([O-])O[P@](=O)([O-])OC([H])([H])[C@@]1([H])O[C@@]([H])(N2C([H])([H])N=C3[C@@+]([H])(N([H])[H])=NC([H])([H])N=[C@@+]32[H])[C@]([H])(O[H])[C@]1([H])O[H],"SDF Sanitize Error: Explicit valence for atom # 16 C, 5, is greater than permitted",True,True,True
csar_hiq_overlap_controlled,2z8f,4.96,GAL-NAG-GAL-BGC,OC[C@H]1OC[C@H](O)[C@@H](O)[C@H]1O.OC[C@H]1OC[C@H](O)[C@@H](O)[C@H]1O.OC[C@H]1OC[C@H](O)[C@@H](O)[C@H]1O.OC[C@H]1OC[C@H](O)[C@@H](O)[C@H]1O,,True,True,True
csar_hiq_overlap_controlled,2zlz,2.68,GLU,[NH3+][C@@H](CCC(=O)[O-])C(=O)[O-].[NH3+][C@H](C=O)CCC(=O)[O-].[NH3+][C@H](C=O)CCC(=O)[O-].[NH3+][C@H](C=O)CCC(=O)[O-].[NH3+][C@H](C=O)CCC(=O)[O-].[NH3+][C@H](C=O)CCC(=O)[O-].[NH3+][C@H](C=O)CCC(=O)[O-].[NH3+][C@H](C=O)CCC(=O)[O-].[NH3+][C@H](C=O)CCC(=O)[O-].[NH3+][C@H](C=O)CCC(=O)[O-].[NH3+][C@H](C=O)CCC(=O)[O-].[NH3+][C@H](C=O)CCC(=O)[O-].[NH3+][C@H](C=O)CCC(=O)[O-].[NH3+][C@H](C=O)CCC(=O)[O-].[NH3+][C@H](C=O)CCC(=O)[O-],,True,True,True
csar_hiq_overlap_controlled,3c7i,5.64,TVN,CNC(=O)C[C@@H](CC1=CC=C(OP(=O)([O-])[O-])C=C1)C(=O)N[C@H](C(=O)N[C@@H](CC(N)=O)C(N)=O)C(C)C,,True,True,True
csar_hiq_overlap_controlled,3ene,6.24,NPZ,[H]C1=C([H])C2=C([H])C([H])=C(C3=NN(C([H])([H])[H])[C@+]4([H])=NC([H])([H])N=[C@+]([H])(N([H])[H])C34[H])C([H])=C2C([H])=C1[H],"SDF Sanitize Error: Explicit valence for atom # 0 C, 5, is greater than permitted",True,True,True
csar_hiq_overlap_controlled,3f4j,3.49,GLY,[NH3+]CC(=O)NCC(=O)NCC=O.[NH3+]CC(=O)NCC=O.[NH3+]CC(=O)NCC=O.[NH3+]CC(=O)NCC=O.[NH3+]CC(=O)NCC=O.[NH3+]CC(=O)[O-].[NH3+]CC=O.[NH3+]CC=O.[NH3+]CC=O.[NH3+]CC=O.[NH3+]CC=O.[NH3+]CC=O.[NH3+]CC=O.[NH3+]CC=O.[NH3+]CC=O.[NH3+]CC=O.[NH3+]CC=O.[NH3+]CC=O.[NH3+]CC=O.[NH3+]CC=O.[NH3+]CC=O.[NH3+]CC=O.[NH3+]CC=O.[NH3+]CC=O.[NH3+]CC=O.[NH3+]CC=O.[NH3+]CC=O.[NH3+]CC=O.[NH3+]CC=O.[NH3+]CC=O.[NH3+]CC=O.[NH3+]CC=O.[NH3+]CC=O.[NH3+]CC=O.[NH3+]CC=O.[NH3+]CC=O.[NH3+]CC=O.[NH3+]CC=O.[NH3+]CC=O.[NH3+]CC=O,,True,True,True
csar_hiq_overlap_controlled,4ubp,5.59,HAE,CC(=O)NO,,True,True,True
